category,question,source_title,source_link,captured_at
beauty,best vitamin C serum for oily acne prone skin in India,Vitamin C serums to BUY ✅ \u0026 SKIP ❎ 🔗Comment 'link' ...,https://www.instagram.com/reel/DVLhFhPEtjX/?hl=en,2026-09-16
beauty,best vitamin C serum for oily acne prone skin in India,Which Vitamin C Serum Works Best for Oily Skin? - Deconstruct,https://thedeconstruct.in/blogs/skin-information/which-vitamin-c-serum-works-best-for-oily-skin?srsltid=AU7gw4UD76s1_E569zUB9DzbGc1z_kABmPtUUK8Wz7p_r2e1RpyFr7Wz,2026-09-16
beauty,best vitamin C serum for oily acne prone skin in India,5 Best Dermatologist-Approved Vitamin C Serums For Oily Skin,https://lookbook.mensxp.com/mens-grooming/best-dermatologist-approved-vitamin-c-serums-for-oily-skin-1760701442661,2026-09-16
beauty,best vitamin C serum for oily acne prone skin in India,Best Vitamin C Serum for Oily Skin in India 2026,https://discoverpilgrim.com/blogs/discover-beauty-secrets/best-vitamin-c-serum-for-oily-skin-india?srsltid=AU7gw4XCLiyHo0jWRph282WBZXIsUdTiGCx7rvHMhgsTsoChHUzYs2MR,2026-09-16
beauty,best vitamin C serum for oily acne prone skin in India,How to Choose the Best Vitamin C Serum in India,https://smytten.com/blogs/skincare/how-to-choose-the-best-vitamin-c-serum-in-india?srsltid=AU7gw4VdcwnBIB_UGla_SajfDTN6L57VsKGoDaLLPegJNY4C6i7CkqZl,2026-09-16
beauty,best vitamin C serum for oily acne prone skin in India,Which Is the Best Vitamin C Serum Recommended by Dermatologists?,https://dermondemand.com/blog/best-vitamin-c-serum-recommended-by-dermatologists/,2026-09-16
beauty,best niacinamide serum for open pores India,Minimalist 10% Niacinamide Face Serum,"https://www.google.com/search?q=product&prds=pvt:hg,productid:9379442057829334154,catalogid:14523880823984427695,gpcid:10498015940641548004,mid:576462539830025140&ibp=oshop",2026-09-16
beauty,best niacinamide serum for open pores India,The Derma Co Pore Minimizing Face Serum,"https://www.google.com/search?q=product&prds=pvt:hg,productid:11609470435282841560,catalogid:16500368095294919377,gpcid:17961604528962648351&ibp=oshop",2026-09-16
beauty,best niacinamide serum for open pores India,Best Niacinamide Serum in India: 5% vs 10% Explained,https://discoverpilgrim.com/blogs/discover-beauty-secrets/best-niacinamide-serum-in-india-2026-right-strength,2026-09-16
beauty,best niacinamide serum for open pores India,"Dark Spots, Acne Marks \u0026 Open Pores Treatment",https://www.instagram.com/reel/DYBv8LsBG8n/?hl=en,2026-09-16
beauty,best niacinamide serum for open pores India,Best Serum for Open Pores: Salicylic Acid + Niacinamide - Deconstruct,https://thedeconstruct.in/blogs/skin-information/best-serums-for-enlarged-pores-in-india?srsltid=AU7gw4VlC6J1v2yBUz3r6NFpDVd2TTJxWOxb1BGq3v-fDr5PMxSGz7UK,2026-09-16
beauty,best niacinamide serum for open pores India,Buy Best Serum for Open Pores Online in India | Deconstruct,https://thedeconstruct.in/collections/open-pores,2026-09-16
beauty,best niacinamide serum for open pores India,Best Niacinamide Serum in India: Top Picks \u0026 Expert Guide,https://aqualogica.in/blogs/skin-care/best-niacinamide-serum-for-face-in-india-how-to-choose-the-right-one-for-your-skin?srsltid=AU7gw4U1kamGG9tuoivVJlskTDyXoOVaBPcP6V2F1FhT9xSSW15t2tJL,2026-09-16
beauty,best niacinamide serum for open pores India,Best Niacinamide Serum For Open Pores - Amazon.in,https://www.amazon.in/best-niacinamide-serum-for-open-pores/s?k=best+niacinamide+serum+for+open+pores,2026-09-16
beauty,best sunscreen for oily skin India no white cast,Top 7 Sunscreens for Indian Skin No White Cast 2025,https://nourishmantra.in/blogs/news/best-sunscreen-for-indian-skin-no-white-cast?srsltid=AU7gw4UEhWoduQWKo8C-ELlravCWgUI_D71IZW7B8Kqdv9lo-z8rnZwf,2026-09-16
beauty,best sunscreen for oily skin India no white cast,Best Sunscreen Recommended by Dermatologists in India,https://deyga.in/blogs/news/best-sunscreen-recommended-by-dermatologists-in-india?srsltid=AU7gw4Whhhqs9BDl4ev7zAVwGmKQyhuQZG1ALBG7OiUby3FwOyLu8AD6,2026-09-16
beauty,best sunscreen for oily skin India no white cast,Amazon.in: Sunscreen Spf 50 Without White Cast,https://www.amazon.in/sunscreen-spf-50-without-white-cast/s?k=sunscreen+spf+50+without+white+cast,2026-09-16
beauty,best retinol serum for beginners India under 1000,Dot \u0026 Key Pomegranate Youth 0.2% Retinol Complex Face Serum,"https://www.google.com/search?q=product&prds=pvt:hg,productid:395784400838155392,catalogid:12735878982165401256,gpcid:14995857096259171428&ibp=oshop",2026-09-16
beauty,best retinol serum for beginners India under 1000,The Derma Co 0.3% Retinol Face Serum,"https://www.google.com/search?q=product&prds=pvt:hg,productid:733446938869014699,catalogid:1838595798180291295,gpcid:7259503217381265308&ibp=oshop",2026-09-16
beauty,best retinol serum for beginners India under 1000,0.15% Retinol Night Serum,"https://www.google.com/search?q=product&prds=pvt:hg,productid:5085271292935664826,catalogid:13430240965183873404,gpcid:7238659421766443911&ibp=oshop",2026-09-16
beauty,best retinol serum for beginners India under 1000,Retinol Beginners Guide India: No Irritation FAQ - Smytten,https://smytten.com/blogs/skincare/retinol-beginners-guide-india-no-irritation-faq,2026-09-16
beauty,best retinol serum for beginners India under 1000,Best Retinol Serum In India - Amazon.in,https://www.amazon.in/best-retinol-serum-in-india/s?k=best+retinol+serum+in+india,2026-09-16
beauty,best face serum for dark spots and pigmentation India,"Best Brightening serum in India 🇮🇳 For Pigmentation, Dark ...",https://www.youtube.com/watch?v=-OU6q-BIyis&t=337,2026-09-16
beauty,best face serum for dark spots and pigmentation India,Best Pigmentation Serum for Indian Skin | Dark Spot Solutions,https://thefaceshop.in/blogs/skincare/indian-skin-secrets-finding-the-best-face-pigmentation-serum-for-every-skin-type?srsltid=AU7gw4VNh0lswCOBme7UzY2NtA4Yoo4WMJmpn8H_IkT7uEq-MhgaXOoP,2026-09-16
beauty,best face serum for dark spots and pigmentation India,Best Face Serum For Pigmentation - Amazon.in,https://www.amazon.in/best-face-serum-for-pigmentation/s?k=best+face+serum+for+pigmentation,2026-09-16
beauty,best face serum for dark spots and pigmentation India,Plum 15% Vitamin C Face Serum with Mandarin,"https://www.google.com/search?q=product&prds=pvt:hg,productid:886305048623390099,catalogid:10026276995609489373,gpcid:17521147488897644282,mid:576462569850641742&ibp=oshop",2026-09-16
beauty,best face serum for dark spots and pigmentation India,Himalaya Dark Spot Clearing Turmeric Face Serum,"https://www.google.com/search?q=product&prds=pvt:hg,productid:9699428269902534251,catalogid:6756861764981760423,gpcid:1236514510729250745&ibp=oshop",2026-09-16
beauty,best face serum for dark spots and pigmentation India,HYPHEN Dark Spot Treatment Serum,"https://www.google.com/search?q=product&prds=pvt:hg,productid:8543914889569601296,catalogid:7575653700004869831,gpcid:3792356172760045430&ibp=oshop",2026-09-16
beauty,best face serum for dark spots and pigmentation India,Which Serum Is Best for Pigmentation and Dark Spots,https://in.innisfree.com/blogs/news/which-serum-is-best-for-pigmentation-and-dark-spots,2026-09-16
beauty,best face wash for acne prone oily skin India,"Best Face Wash for Oily, Acne-Prone Skin India - Dr Sheth's",https://www.drsheths.com/blogs/skin-care/best-face-wash-for-oily-acne-prone-skin-in-india?srsltid=AU7gw4XCpjud_w5uHVny2Ut-vXokq5rLAvrcIfOBRjo0sdbd_izTRv_M,2026-09-16
beauty,best face wash for acne prone oily skin India,Top 8 Face Washes for Oily Acne-Prone Skin India 2025,https://nourishmantra.in/blogs/news/best-face-wash-for-oily-acne-prone-skin-india?srsltid=AU7gw4Vh66zJ3y0AbErag9gCWeIhjLxB6pCOB3AM2hxu17IMnHWst_0k,2026-09-16
beauty,best face wash for acne prone oily skin India,Buy Best Face Wash for All Skin Types - Nykaa,https://www.nykaa.com/skin/cleansers/face-wash/c/8379,2026-09-16
beauty,best face wash for acne prone oily skin India,10 Best Face Washes for Oily Skin in India (2025) - Dermatocare,https://www.dermatocare.com/best-face-washes-for-oily-skin-india/,2026-09-16
beauty,best face wash for acne prone oily skin India,Buy Oily Skin Face Wash Online in India - Myntra,https://www.myntra.com/oily-skin-face-wash,2026-09-16
beauty,best face wash for acne prone oily skin India,Best Face Wash for Oily Skin in India - Plum Goodness,https://plumgoodness.com/collections/face-washes-for-oily-skin?srsltid=AU7gw4XcAMvAcgpUY-bk8cIe77w-VDoqSEwHdsYNh-Wo5ZRERhqOHCQ-,2026-09-16
beauty,best face wash for acne prone oily skin India,Top 10 Face Washes For Oily Skin - Apollo Pharmacy,https://www.apollopharmacy.in/blog/article/top-10-face-washes-for-oily-skin,2026-09-16
beauty,best face wash for acne prone oily skin India,Face Wash for Oily Skin - Oil Control & Clear Skin | Flipkart,https://www.flipkart.com/q/facewash-for-oily-skin,2026-09-16
beauty,best face wash for acne prone oily skin India,Facial Cleansers for Oily Skin: Balanced Care | CeraVe,https://www.cerave.com/skincare/cleansers/facial-cleansers-for-oily-skin,2026-09-16
beauty,best face wash for acne prone oily skin India,Best face wash for Oily Skin | Rating popular facewashes for ...,https://www.youtube.com/shorts/fSqWfm1sbms?vl=en,2026-09-16
beauty,best salicylic acid face wash India,,https://www.google.com/,2026-09-16
beauty,best salicylic acid face wash India,,https://www.nykaa.com/dp/salicylic-acid-face-wash,2026-09-16
beauty,best salicylic acid face wash India,,https://www.reddit.com/r/IndianSkincareAddicts/comments/1b116co/salicylic_acid_face_wash_mini_reviews_combination/,2026-09-16
beauty,best salicylic acid face wash India,,https://www.amazon.in/best-salicylic-acid-face-wash/s?k=best+salicylic+acid+face+wash,2026-09-16
beauty,best salicylic acid face wash India,,https://thedermaco.com/blogs/skin-care/top-7-best-salicylic-acid-face-wash-for-acne-prone-skin,2026-09-16
beauty,best salicylic acid face wash India,,https://thedeconstruct.in/products/salicylic-acid-face-wash,2026-09-16
beauty,best salicylic acid face wash India,Minimalist 2% Salicylic Acid + LHA Face Cleanser,"https://www.google.com/search?q=product&prds=pvt:hg,productid:3579077540952290611,catalogid:2840644259417100258,gpcid:4833951810090317464,mid:576462857962403772&ibp=oshop",2026-09-16
beauty,best salicylic acid face wash India,Shop The Best Salicylic Acid Face Wash At Great Prices | Nykaa!,https://www.nykaa.com/dp/salicylic-acid-face-wash,2026-09-16
beauty,best salicylic acid face wash India,"Salicylic Acid face wash Mini Reviews (combination, acne prone skin)",https://www.reddit.com/r/IndianSkincareAddicts/comments/1b116co/salicylic_acid_face_wash_mini_reviews_combination/,2026-09-16
beauty,best salicylic acid face wash India,Cipla Saslic Foaming Face Wash,"https://www.google.com/search?q=product&prds=pvt:hg,productid:13812349903449039916,catalogid:16455732896834802987,gpcid:4126456031102983018,mid:576462898583724458&ibp=oshop",2026-09-16
beauty,best salicylic acid face wash India,Best Salicylic Acid Face Wash - Amazon.in,https://www.amazon.in/best-salicylic-acid-face-wash/s?k=best+salicylic+acid+face+wash,2026-09-16
beauty,best salicylic acid face wash India,Top 7 Best Salicylic Acid Face Wash for Acne (2026) - The Derma Co,https://thedermaco.com/blogs/skin-care/top-7-best-salicylic-acid-face-wash-for-acne-prone-skin,2026-09-16
beauty,best salicylic acid face wash India,Buy Best Salicylic Acid Face Wash for Acne & Oil Control at Deconstruct,https://thedeconstruct.in/products/salicylic-acid-face-wash,2026-09-16
beauty,best under eye cream for dark circles India,,https://www.youtube.com/watch?v=GOGhY-JtHec,2026-09-16
beauty,best under eye cream for dark circles India,,https://www.google.com/,2026-09-16
beauty,best under eye cream for dark circles India,,https://www.youtube.com/watch?v=bgsiek5KlUA,2026-09-16
beauty,best under eye cream for dark circles India,,"https://www.flipkart.com/beauty-and-grooming/body-face-skin-care/eye-care/eye-cream/pr?sid=g9b,ema,me0,fmp",2026-09-16
beauty,best under eye cream for dark circles India,"Best Eye Creams for Dark Circles, Wrinkles & Fine lines & Dullness in ...",https://www.youtube.com/watch?v=GOGhY-JtHec&t=635,2026-09-16
beauty,best under eye cream for dark circles India,Himalaya Under Eye Cream,"https://www.google.com/search?q=product&prds=pvt:hg,productid:5129590661387622507,catalogid:17192837907473599388,gpcid:14520725575455159926,mid:576462563951648805&ibp=oshop",2026-09-16
beauty,best under eye cream for dark circles India,How to remove dark circles | Best creams | Dermatologist suggests,https://www.youtube.com/watch?v=bgsiek5KlUA,2026-09-16
beauty,best under eye cream for dark circles India,Some By Mi Retinol Intense Advanced Triple Action Eye Cream 30ml,"https://www.google.com/search?q=product&prds=pvt:hg,productid:6627694726373504354,catalogid:10829147860360160357,gpcid:6027858423798580141,mid:576462502621985481&ibp=oshop",2026-09-16
beauty,best under eye cream for dark circles India,Under Eye Creams Online in India at Best Prices - Flipkart,"https://www.flipkart.com/beauty-and-grooming/body-face-skin-care/eye-care/eye-cream/pr?sid=g9b,ema,me0,fmp",2026-09-16
beauty,best sunscreen for dry sensitive skin India,,https://www.amazon.in/sunscreen-for-sensitive-skin/s?k=sunscreen+for+sensitive+skin,2026-09-16
beauty,best sunscreen for dry sensitive skin India,,https://thedermaco.com/collections/sunscreen-for-dry-skin,2026-09-16
beauty,best sunscreen for dry sensitive skin India,,https://sbmpharma.co.in/10-best-sunscreens-recommended-for-dry-oily-and-sensitive-skin/,2026-09-16
beauty,best sunscreen for dry sensitive skin India,Sunscreen For Sensitive Skin - Amazon.in,https://www.amazon.in/sunscreen-for-sensitive-skin/s?k=sunscreen+for+sensitive+skin,2026-09-16
beauty,best sunscreen for dry sensitive skin India,Buy Sunscreen for Dry Skin Online at Best Price in India - The Derma Co,https://thedermaco.com/collections/sunscreen-for-dry-skin,2026-09-16
beauty,best sunscreen for dry sensitive skin India,10 Best Sunscreens Recommended for Dry Oily and Sensitive Skin,https://sbmpharma.co.in/10-best-sunscreens-recommended-for-dry-oily-and-sensitive-skin/,2026-09-16
beauty,best affordable Indian skincare brand for beginners,Top 10 Dermatologist Recommended Skincare Brands in India,https://maynee.in/dermatologist-recommended-skincare-brands-india/,2026-09-16
beauty,best affordable Indian skincare brand for beginners,India's Best Affordable Skincare at your doorsteps worldwide,https://www.shoppre.com/indias-Best-affordable-Skincare-at-your-doorsteps-worldwide,2026-09-16
beauty,best affordable Indian skincare brand for beginners,Buy Skin Care Products at Best Offers - Nykaa,https://www.nykaa.com/skin/c/8377,2026-09-16
beauty,best affordable Indian skincare brand for beginners,Top Budget Skincare Products in India for Every Skin Type,https://www.minskinn.com/blogs/minskinn-blogs/affordable-skincare-in-india,2026-09-16
beauty,best anti ageing serum India under 1500,Best Face Serum for Wrinkles \u0026 Fine Lines in India - Dr Sheth's,https://www.drsheths.com/blogs/skin-care/best-face-serum-for-wrinkles-fine-lines-in-india-dermatologist-recommended-picks,2026-09-16
beauty,best anti ageing serum India under 1500,Pilgrim Retinol \u0026 Hyaluronic Acid Lift \u0026 Firm Serum,"https://www.google.com/search?q=product&prds=pvt:hg,productid:15595345374812007556,catalogid:15866323982961071780,gpcid:16688156531315668958&ibp=oshop",2026-09-16
beauty,best anti ageing serum India under 1500,HYPHEN Anti-Aging Serum 30ml,"https://www.google.com/search?q=product&prds=pvt:hg,productid:9216149015790575952,catalogid:13490831781584840901,gpcid:11531767076117201482&ibp=oshop",2026-09-16
beauty,best anti ageing serum India under 1500,Buy Best Face Serums Online for All Skin Types in India,https://plumgoodness.com/collections/face-serums?srsltid=AU7gw4WcJANWIqTD0dJpC2fzHTAdQMiOd7T2spQqd5KqE8f4-NWx8WDg,2026-09-16
beauty,best anti ageing serum India under 1500,Age Amend Anti-Ageing Serum For Women,"https://www.google.com/search?q=product&prds=pvt:hg,productid:18444905162330690165,catalogid:2150044650586993920,gpcid:16474959790009927302&ibp=oshop",2026-09-16
beauty,best anti ageing serum India under 1500,Best Anti-Aging Serum in India: Guide for Every Skin Type,https://www.skincarepersonaltouch.com/blogs/news/best-anti-aging-serum-in-india-guide-for-every-skin-type,2026-09-16
beauty,best face serum for glowing skin India,,https://www.nykaa.com/dp/face-serum,2026-09-16
beauty,best face serum for glowing skin India,,https://www.amazon.in/b?ie=UTF8&node=201070608031,2026-09-16
beauty,best face serum for glowing skin India,,https://plumgoodness.com/collections/serums-for-glowing-skin,2026-09-16
beauty,best face serum for glowing skin India,,"https://www.flipkart.com/beauty-and-grooming/body-face-skin-care/body-and-face-care/face-serums/pr?sid=g9b,ema,5la,8um",2026-09-16
beauty,best face serum for glowing skin India,,https://www.dotandkey.com/collections/serums-oils,2026-09-16
beauty,best face serum for glowing skin India,,https://www.amazon.in/best-serum-for-glowing-skin/s?k=best+serum+for+glowing+skin,2026-09-16
beauty,best face serum for glowing skin India,,https://plumgoodness.com/collections/face-serums,2026-09-16
beauty,best face serum for glowing skin India,Shop the Best Face Serums for Glowing Skin - Nykaa,https://www.nykaa.com/dp/face-serum,2026-09-16
beauty,best face serum for glowing skin India,Buy Face Serums Online at Best Price in India - Amazon.in,https://www.amazon.in/b?ie=UTF8&node=201070608031,2026-09-16
beauty,best face serum for glowing skin India,Serum for Glowing Skin,https://plumgoodness.com/collections/serums-for-glowing-skin,2026-09-16
beauty,best face serum for glowing skin India,Buy Face Serum for All Skin Types at Best Price - Flipkart,"https://www.flipkart.com/beauty-and-grooming/body-face-skin-care/body-and-face-care/face-serums/pr?sid=g9b,ema,5la,8um",2026-09-16
beauty,best face serum for glowing skin India,Buy Best Face Serums Online in India by Dot & Key,https://www.dotandkey.com/collections/serums-oils,2026-09-16
beauty,best face serum for glowing skin India,Best Serum For Glowing Skin - Amazon.in,https://www.amazon.in/best-serum-for-glowing-skin/s?k=best+serum+for+glowing+skin,2026-09-16
beauty,best face serum for glowing skin India,Buy Best Face Serums Online for All Skin Types in India,https://plumgoodness.com/collections/face-serums,2026-09-16
beauty,best skincare products for teenage acne India,Acne Control Face Wash \u0026 Pimple Cream for Boys – ELEMEN,https://elemen.co.in/collections/buy-teens-acne-control-products,2026-09-16
beauty,best skincare products for teenage acne India,Skin Care For Teenagers - Amazon.in,https://www.amazon.in/skin-care-for-teenagers/s?k=skin+care+for+teenagers,2026-09-16
beauty,best skincare products for teenage acne India,Best Acne Products Online For Men - Nykaa Man,https://www.nykaaman.com/skin-care/shop-by-concern/acne/c/15497,2026-09-16
beauty,best skincare products for teenage acne India,7 Best Brands in the Indian Market for Teenage Skincare,https://www.makeupandbeautyblog.in/2026/04/best-teenage-skincare-brands-india.html,2026-09-16
beauty,best skincare products for teenage acne India,Teenilicious Acne Face Gel With Salicylic Acid,"https://www.google.com/search?q=product&prds=pvt:hg,productid:10326981178341738085,catalogid:10914469207403065913,gpcid:14529036483086553835,mid:576462847626485814&ibp=oshop",2026-09-16
beauty,best skincare products for teenage acne India,Tikitoro Teens Anti-Acne Spot Corrector by The Mom Store,"https://www.google.com/search?q=product&prds=pvt:hg,productid:9631525562436622316,catalogid:11137772562616406772,gpcid:10868155786277183013&ibp=oshop",2026-09-16
beauty,best skincare products for teenage acne India,A Daily Skincare Routine for Teens With Acne-Prone Skin,https://www.cerave.com/skin-smarts/skin-concerns/acne/teenage-acne-skincare-routine,2026-09-16
beauty,best skincare products for teenage acne India,11 Best Acne Treatment Tips for Teens - Verywell Health,https://www.verywellhealth.com/treating-teen-acne-in-boys-15939,2026-09-16
beauty,best skincare products for teenage acne India,TeenCleen Gel Pack,"https://www.google.com/search?q=product&prds=pvt:hg,productid:4431882560857355747,catalogid:11971246541339681857,gpcid:5842875677483995049,mid:576462872089922105&ibp=oshop",2026-09-16
beauty,best skincare products for teenage acne India,Best skin care products for teens suggested by dermatologists,https://www.clinikally.com/blogs/news/the-best-skin-care-products-for-teens-according-to-dermatologists?srsltid=AU7gw4WdMBkjAnlGecgH9pAQv8R4XdHlCl4w31d-kujiUVACQ4hQ8egZ,2026-09-16
beauty,best hyaluronic acid serum India,,https://www.youtube.com/watch?v=t7esJevC3AA,2026-09-16
beauty,best hyaluronic acid serum India,,https://www.google.com/,2026-09-16
beauty,best hyaluronic acid serum India,Best & Worst Hyaluronic Acid Serums (2026) I Dermatologist Pick I Multi ...,https://www.youtube.com/watch?v=t7esJevC3AA,2026-09-16
beauty,best hyaluronic acid serum India,The Ordinary Hyaluronic Acid 2% + B5,"https://www.google.com/search?q=product&prds=pvt:hg,productid:18153374888448210502,catalogid:5060465514327509155,gpcid:8346556398767514253,mid:576462912345699485&ibp=oshop",2026-09-16
beauty,best hyaluronic acid serum India,Minimalist 2% Hyaluronic Acid + PGA Face Serum,"https://www.google.com/search?q=product&prds=pvt:hg,productid:5909758213162153084,catalogid:18136855813208635985,gpcid:5363581442585693569,mid:576462828283132442&ibp=oshop",2026-09-16
beauty,best hyaluronic acid serum India,Dot & Key Water Drench Hydrating Hyaluronic Serum Concentrate,"https://www.google.com/search?q=product&prds=pvt:hg,productid:4380345167585194186,catalogid:14761812400470704924,gpcid:10265719723463759077&ibp=oshop",2026-09-16
beauty,best face moisturiser for oily acne prone skin India,Best Moisturizer for Acne-Prone Skin in India - Deconstruct,https://thedeconstruct.in/blogs/skin-information/best-moisturizer-for-acne-prone-skin-in-india?srsltid=AU7gw4XOOAfAzOGcDCyedFPFI-WlXiMDI_xdAFFcIVqk5pZFovRI0jaR,2026-09-16
beauty,best face moisturiser for oily acne prone skin India,Best Moisturizer for Oily Acne Prone Skin: No Heavy Feel?,https://deyga.in/blogs/news/best-moisturizer-for-oily-acne-prone-skin-recommended-by-dermatologists,2026-09-16
beauty,best face moisturiser for oily acne prone skin India,Oily/Acne Skin Moisturisers Under Rs. 500. Best \u0026 Worst ...,https://www.youtube.com/shorts/DwxyHh8-dCQ,2026-09-16
beauty,best face moisturiser for oily acne prone skin India,Buy Face Moisturiser Online in India at Best Price | Plum,https://plumgoodness.com/collections/facial-moisturizers,2026-09-16
beauty,best face moisturiser for oily acne prone skin India,Shop Best Moisturizer for Oily Acne Prone Skin Online in India,https://plumgoodness.com/collections/moisturizers-for-oily-acne-prone-skin,2026-09-16
beauty,best face moisturiser for oily acne prone skin India,"Best Summer Moisturisers Under Rs. 699 for Oily,Acne ...",https://www.youtube.com/watch?v=C__GA_C9_zw&t=166,2026-09-16
beauty,best face moisturiser for oily acne prone skin India,Best moisturiser for oily and acne prone skin? - Reddit,https://www.reddit.com/r/IndianSkincareAddicts/comments/vklfqa/best_moisturiser_for_oily_and_acne_prone_skin/,2026-09-16
beauty,best face moisturiser for oily acne prone skin India,Buy Moisturizers Online at Best Price in India - Amazon.in,https://www.amazon.in/face-moisturizer/b?ie=UTF8&node=10257749031,2026-09-16
beauty,best face moisturiser for oily acne prone skin India,Buy Moisturizer for Oily Skin Online - Nykaa,https://www.nykaa.com/dp/fragrance-free-moisturizers-for-oily-skin,2026-09-16
beauty,best Indian skincare brand for sensitive skin,Top Skin Care Brands in India (2026) - The Derma Co,https://thedermaco.com/blogs/skin-care/top-skin-care-brands-in-india,2026-09-16
beauty,best Indian skincare brand for sensitive skin,15 Dermatologist-Approved Products For Common Indian Skin ...,https://www.nykaa.com/beauty-blog/15-dermat-approved-products-for-indian-skin-concerns,2026-09-16
beauty,best exfoliating serum for uneven skin texture India,Minimalist 32% AHA PHA BHA Face Peel,"https://www.google.com/search?q=product&prds=pvt:hg,productid:18066773355038274888,catalogid:13583713528639860560,gpcid:16644132969267883622,mid:576462447637093451&ibp=oshop",2026-09-16
beauty,best exfoliating serum for uneven skin texture India,Exfoliating Serum - Amazon.in,https://www.amazon.in/exfoliating-serum/s?k=exfoliating+serum,2026-09-16
beauty,best exfoliating serum for uneven skin texture India,The Ordinary Salicylic Acid 2% Solution,"https://www.google.com/search?q=product&prds=pvt:hg,productid:15508534058883836733,catalogid:13527734347589959923,gpcid:12272325971864811957,mid:576462328885595063&ibp=oshop",2026-09-16
beauty,best exfoliating serum for uneven skin texture India,Dull skin | best serums for glowy skin,https://www.youtube.com/watch?v=8nIx4tdU8uo&t=37,2026-09-16
beauty,best exfoliating serum for uneven skin texture India,Best Exfoliating Face Wash for Textured Skin - Deconstruct,https://thedeconstruct.in/blogs/skin-information/best-exfoliating-face-wash?srsltid=AU7gw4X7Xxa9KDsOaZzTAxL9hpSucET2gnnczuwNxCmEag6s_sCyet8n,2026-09-16
beauty,best men's face wash for oily skin India,Buy Face Wash for Men Online at NykaaMan Man,https://www.nykaaman.com/skin-care/face-wash/c/7305,2026-09-16
beauty,best men's face wash for oily skin India,Nivea Men All-In-1 Oil Control Face Wash,"https://www.google.com/search?q=product&prds=pvt:hg,productid:135723755702860009,catalogid:7393821975763681013,gpcid:2342546634751223635,mid:576462797597883784&ibp=oshop",2026-09-16
beauty,best men's face wash for oily skin India,Men's Oily Skin Face Wash: Control Oil \u0026 Shine - Flipkart,https://www.flipkart.com/q/face-wash-for-men-oily-skin,2026-09-16
beauty,best men's face wash for oily skin India,7 Top Face Washes for Men with Oily Skin - Smytten,https://smytten.com/blogs/skincare/7-top-face-washes-for-men-with-oily-skin?srsltid=AU7gw4VAxVp69DRLKEy-qi900qPX-Wl3LMbMO3N-Wz1UsLjFjmmaULkF,2026-09-16
beauty,best men's face wash for oily skin India,WOW Skin Science Men Charcoal + Niacinamide Oil-Control Face Wash,"https://www.google.com/search?q=product&prds=pvt:hg,productid:1995397755419893180,catalogid:6635266417713049711,gpcid:382014821229002483,mid:576462864705324648&ibp=oshop",2026-09-16
beauty,best men's face wash for oily skin India,Muuchstac Ocean For Men Fights Acne \u0026 Pimple,"https://www.google.com/search?q=product&prds=pvt:hg,productid:2768786685597198661,catalogid:10276603443097423039,gpcid:4719061527919709413,mid:576462563326815766&ibp=oshop",2026-09-16
beauty,best vitamin C serum India under 500,Plum 15% Vitamin C Face Serum with Mandarin,"https://www.google.com/search?q=product&prds=pvt:hg,productid:11748578493852831912,catalogid:6240854859496185207,gpcid:17521147488897644282,mid:576462569850641742&ibp=oshop",2026-09-16
beauty,best vitamin C serum India under 500,Garnier Bright Complete Vitamin C Booster Serum,"https://www.google.com/search?q=product&prds=pvt:hg,productid:18401571845920527012,catalogid:7355311827613243475,gpcid:18250485659838501787,mid:576462870675459387&ibp=oshop",2026-09-16
beauty,best vitamin C serum India under 500,Chemist At Play 10% Vitamin C Face Serum,"https://www.google.com/search?q=product&prds=pvt:hg,productid:14265672767158545922,catalogid:17642959129200321628,gpcid:14536665703458584819&ibp=oshop",2026-09-16
beauty,best vitamin C serum India under 500,Best Vitamin C Serum in India: A Dermatologist's 2026 Guide,https://discoverpilgrim.com/blogs/discover-beauty-secrets/best-vitamin-c-serum-in-india-dermatologist-guide,2026-09-16
beauty,best skincare combo for pigmentation India,Anti Pigmentation Skin Care Kit - Minimalist,https://beminimalist.co/products/anti-pigmentation-kit,2026-09-16
beauty,best skincare combo for pigmentation India,Best Skincare Combo for Pigmentation \u0026 Dark Spots (India),https://key2glow.com/blogs/news/best-skincare-combo-pigmentation-india?srsltid=AU7gw4XLIWSlNOFpv-nT8kXcuhbp66IsDkDk8HZneOQ8__HAvNtmUcHC,2026-09-16
beauty,best skincare combo for pigmentation India,Anti-Pigmentation Skincare Routine Kit | Fades Dark Spots | Dermatologist Recommended | Customers FAV,https://thedeconstruct.in/products/anti-pigmentation-kit,2026-09-16
beauty,best skincare combo for pigmentation India,The Derma co. Anti-Pigmentation Combo with Kojic Acid,"https://www.google.com/search?q=product&prds=pvt:hg,productid:4563455450761940240,catalogid:3757774968353613213,gpcid:13427449368651462545,mid:576462491040134564&ibp=oshop",2026-09-16
beauty,best skincare combo for pigmentation India,Fixderma Anti-Pigmentation Skarfix TX Combo for Dark Spots \u0026 Melasma,"https://www.google.com/search?q=product&prds=pvt:hg,productid:5037776528918247320,catalogid:8503246975714874148,gpcid:6841339734955139396&ibp=oshop",2026-09-16
beauty,best skincare combo for pigmentation India,Budget Brightening/De-Pigmenting Morning Summer ...,https://www.youtube.com/watch?v=XNYG69FPH-c,2026-09-16
beauty,best skincare combo for pigmentation India,"Dark Spots, Pigmentation, Even Skin Routine",https://www.youtube.com/watch?v=wL314PQ3bak&t=468,2026-09-16
beauty,best skincare combo for pigmentation India,Fixderma Skarfix-tx Face Cream Cleanser,"https://www.google.com/search?q=product&prds=pvt:hg,productid:453229016299843381,catalogid:4124327465731228533,gpcid:13398487276595224442,mid:576462875132505867&ibp=oshop",2026-09-16
beauty,Minimalist vs The Derma Co which is better,,https://www.reddit.com/r/IndianSkincareAddicts/comments/lmvjae/the_derma_co_vs_minimalist_vs_dot_n_key/,2026-09-16
beauty,Minimalist vs The Derma Co which is better,,https://serumscience.in/best-vitamin-c-serum-battle-plum-vs-minimalist-vs-the-derma-co/,2026-09-16
beauty,Minimalist vs The Derma Co which is better,,https://www.reddit.com/r/IndianSkincareAddicts/comments/1pjq4yr/can_these_be_compared_to_minimalist_in_terms_of/,2026-09-16
beauty,Minimalist vs The Derma Co which is better,,https://www.youtube.com/shorts/YtKCpD36dJg,2026-09-16
beauty,Minimalist vs The Derma Co which is better,,https://www.google.com/,2026-09-16
beauty,Minimalist vs The Derma Co which is better,The Derma Co vs Minimalist vs Dot n Key : r/IndianSkincareAddicts - Reddit,https://www.reddit.com/r/IndianSkincareAddicts/comments/lmvjae/the_derma_co_vs_minimalist_vs_dot_n_key/,2026-09-16
beauty,Minimalist vs The Derma Co which is better,Best Vitamin C Serum Battle: Plum vs Minimalist vs The Derma Co,https://serumscience.in/best-vitamin-c-serum-battle-plum-vs-minimalist-vs-the-derma-co/,2026-09-16
beauty,Minimalist vs The Derma Co which is better,Can these be compared to minimalist in terms of showing results?,https://www.reddit.com/r/IndianSkincareAddicts/comments/1pjq4yr/can_these_be_compared_to_minimalist_in_terms_of/,2026-09-16
beauty,Minimalist vs The Derma Co which is better,Minimalist salicylic acid Vs The DermaCo Salicinamide Face wash ...,https://www.youtube.com/shorts/YtKCpD36dJg,2026-09-16
beauty,Minimalist vs The Derma Co which is better,Minimalist 0.3% Ceramides Moisturizer,"https://www.google.com/search?q=product&prds=pvt:hg,productid:13890192330525423297,catalogid:14131086901827879345,gpcid:16205912587592248949&ibp=oshop",2026-09-16
beauty,Minimalist vs The Derma Co which is better,Minimalist 2% Salicylic Acid + LHA Face Cleanser,"https://www.google.com/search?q=product&prds=pvt:hg,productid:3579077540952290611,catalogid:2840644259417100258,gpcid:4833951810090317464,mid:576462857962403772&ibp=oshop",2026-09-16
beauty,Minimalist vs The Derma Co which is better,Minimalist 10% Niacinamide Face Serum,"https://www.google.com/search?q=product&prds=pvt:hg,productid:9379442057829334154,catalogid:14523880823984427695,gpcid:10498015940641548004,mid:576462539830025140&ibp=oshop",2026-09-16
beauty,can I use niacinamide and vitamin C together,,https://www.cetaphil.in/skincare-tips/skincare-guides/how-to-layer-vitamin-c-and-niacinamide-beginner--guide-to-glowing-skin.html,2026-09-16
beauty,can I use niacinamide and vitamin C together,,https://plumgoodness.com/blogs/skincare/niacinamide-and-vitamin-c,2026-09-16
beauty,can I use niacinamide and vitamin C together,,https://www.aromacares.com/blogs/know-about-skin-care/can-you-use-niacinamide-with-vitamin-c-layering-guide-for-beginners,2026-09-16
beauty,can I use niacinamide and vitamin C together,,https://www.dotandkey.com/blogs/skin-care/can-you-use-niacinamide-with-vitamin-c,2026-09-16
beauty,can I use niacinamide and vitamin C together,,https://www.instagram.com/reel/DHn0KQ6OdVi/?hl=en,2026-09-16
beauty,can I use niacinamide and vitamin C together,,https://www.youtube.com/shorts/9WHVZqGHcP0,2026-09-16
beauty,can I use niacinamide and vitamin C together,,https://plumgoodness.com/blogs/skincare/can-you-use-vitamin-c-and-niacinamide-together,2026-09-16
beauty,can I use niacinamide and vitamin C together,,https://danglifestyle.co/blogs/skincare-tips-guides/can-i-use-niacinamide-and-vitamin-c,2026-09-16
beauty,can I use niacinamide and vitamin C together,,https://www.youtube.com/shorts/uqYlp8Yq1o4,2026-09-16
beauty,can I use niacinamide and vitamin C together,How to Layer Vitamin C and Niacinamide? (Complete Guide),https://www.cetaphil.in/skincare-tips/skincare-guides/how-to-layer-vitamin-c-and-niacinamide-beginner--guide-to-glowing-skin.html,2026-09-16
beauty,can I use niacinamide and vitamin C together,Can Vitamin C and Niacinamide Be Used Together? - Plum Goodness,https://plumgoodness.com/blogs/skincare/niacinamide-and-vitamin-c,2026-09-16
beauty,can I use niacinamide and vitamin C together,Can You Use Niacinamide with Vitamin C? Layering Guide for ...,https://www.aromacares.com/blogs/know-about-skin-care/can-you-use-niacinamide-with-vitamin-c-layering-guide-for-beginners,2026-09-16
beauty,can I use niacinamide and vitamin C together,Can You Use Niacinamide with Vitamin C?,https://www.dotandkey.com/blogs/skin-care/can-you-use-niacinamide-with-vitamin-c,2026-09-16
beauty,can I use niacinamide and vitamin C together,Is it true that niacinamide and vitamin C work better together than separately ...,https://www.instagram.com/reel/DHn0KQ6OdVi/?hl=en,2026-09-16
beauty,can I use niacinamide and vitamin C together,Don't mix Niacinamide + Vitamin C - busting 90's skincare myth! ...,https://www.youtube.com/shorts/9WHVZqGHcP0,2026-09-16
beauty,can I use niacinamide and vitamin C together,Can You Use Vitamin C and Niacinamide Together? The Real Answer,https://plumgoodness.com/blogs/skincare/can-you-use-vitamin-c-and-niacinamide-together,2026-09-16
beauty,can I use niacinamide and vitamin C together,Can I Use Niacinamide and Vitamin C Together: Expert Answer,https://danglifestyle.co/blogs/skincare-tips-guides/can-i-use-niacinamide-and-vitamin-c,2026-09-16
beauty,can I use niacinamide and vitamin C together,Can Vitamin C & niacinamide be used together? Dermatologist explains,https://www.youtube.com/shorts/uqYlp8Yq1o4,2026-09-16
beauty,how to build a skincare routine for oily skin India,"Summer Skincare Routine for Oily/Acne Prone, Dry ...",https://www.youtube.com/watch?v=JGiNZrcYz58&t=142,2026-09-16
beauty,how to build a skincare routine for oily skin India,Skin Care Routine for Oily Skin: Daily Care Tips - garnier,https://www.garnier.in/skin-care-tips/skincare-routine-for-oily-skin,2026-09-16
beauty,how to build a skincare routine for oily skin India,10 Ultimate Skincare Routines For Oily Skin In 2024,https://discoverpilgrim.com/blogs/discover-beauty-secrets/the-ultimate-skincare-routine-for-oily-skin?srsltid=AU7gw4VOZzHvRsPnQUFXYs9cPYuEZsKXH2kH8Y2kOF0Peu2KRQvn_tvz,2026-09-16
beauty,how to build a skincare routine for oily skin India,A Gentle Skincare Routine for Oily Skin - CeraVe,https://www.cerave.com/skin-smarts/skincare-routines/a-gentle-skincare-routine-for-oily-skin,2026-09-16
beauty,how to build a skincare routine for oily skin India,Ultimate Skincare Routine for Oily Skin - Myntra blog,https://blog.myntra.com/ultimate-skincare-routine-for-oily-skin/,2026-09-16
beauty,how to build a skincare routine for oily skin India,5 Step Oily Skin Care Routine For Indian Men,https://smytten.com/blogs/skincare/5-step-oily-skin-care-routine-for-indian-men?srsltid=AU7gw4Vzv6tZSDFIaQxGhp2NJNt5bR-ETqDCqqMe9v9CR86aBGfaaH4B,2026-09-16
beauty,how to build a skincare routine for oily skin India,AM Skincare routine for oily acne prone skin,https://www.youtube.com/watch?v=QyTxcl1SOrw&vl=en,2026-09-16
beauty,how to build a skincare routine for oily skin India,Dermatologist Recommended Skin Care Routine for Oily Skin,https://deyga.in/blogs/news/dermatologist-recommended-skin-care-routine-for-oily-skin,2026-09-16
beauty,how to build a skincare routine for oily skin India,Best Skincare Routine for Oily Skin in India - Dr Sheth's,https://www.drsheths.com/blogs/skin-care/the-best-skincare-routine-for-oily-skin-why-you-need-a-smarter-approach-not-a-harsher-one?srsltid=AU7gw4UiQSZnHoLFRraE6VnaKN-orDewWAPk3X68TUZpCaIW1du52Hzb,2026-09-16
nutrition,best whey protein in India for beginners,"10 Best Whey Protein Powders in India (2026): MuscleBlaze, ...",https://www.healthkart.com/connect/10-best-whey-protein-powders-in-india-2026-muscleblaze-truebasics-more-ranked/?srsltid=AU7gw4XiX2luCr9HEtXdPO3OZWZJLn8U0CTKGFDRe5SZyQtNN8B22H4t,2026-09-16
nutrition,best whey protein in India for beginners,Best Whey Protein for Beginners in India - Born Athlete,https://bornathlete.in/blog/best-whey-protein-for-beginners-in-india-what-trainers-recommend-in-2026?srsltid=AU7gw4WccdVyYCvEt4K_wcEpT0PTTX8T93erkh84_Lsa3VM1FxOdf9pB,2026-09-16
nutrition,best whey protein in India for beginners,Buy Best Whey Protein in Affordable Price - nakpro nutrition,https://nakpro.com/collections/whey-protein-powder?srsltid=AU7gw4UVwja9MebIOsKaPVZApUkZ9BAx0SyIbqLh_c2Wx8O2nDoiq5do,2026-09-16
nutrition,best whey protein in India for beginners,Best Whey Protein for Beginners in India: A Simple Guide,https://reformulate.in/blogs/blogs/best-whey-protein-for-beginners-in-india?srsltid=AU7gw4V5Su0-PkwLuyNKFuUHr3pDUBR7sPEtOy6lvdnnqMViZ0dvBSRl,2026-09-16
nutrition,best whey protein in India for beginners,Best Whey Protein for Beginners – Buy Safe \u0026 Certified - Beastlife,https://beastlife.in/collections/best-whey-protein-for-beginners?srsltid=AU7gw4V6cCIEVwQTX3Y-IqXeX91LmDqyD5mtYcMooAeWInvIQUvt8QW1,2026-09-16
nutrition,best whey protein in India for beginners,Buy Whey Protein in India 2026 | Original Products - Nutrabay,https://nutrabay.com/product-category/bodybuilding/proteins/whey-proteins/,2026-09-16
nutrition,best whey protein in India for beginners,Best Whey Protein in India (2026): Honest Buyer's Guide,https://denzournutrition.com/blogs/whey-blogs/best-whey-protein-in-india,2026-09-16
nutrition,best protein powder for women India,,https://www.oziva.in/collections/protein-powder-for-women,2026-09-16
nutrition,best protein powder for women India,,https://www.reddit.com/r/TwoXIndia/comments/1qqmt5b/what_protein_powder_do_you_girls_consume_to/,2026-09-16
nutrition,best protein powder for women India,,https://www.lukecoutinho.com/blogs/india-top-protein-powders/,2026-09-16
nutrition,best protein powder for women India,,"https://www.flipkart.com/health-care/health-supplements/protein-supplement/women~idealfor/pr?sid=hlc,etg,1rx",2026-09-16
nutrition,best protein powder for women India,,https://www.amazon.in/gp/bestsellers/hpc/11364599031,2026-09-16
nutrition,best protein powder for women India,,https://www.optimumnutrition.co.in/collections/protein-powder,2026-09-16
nutrition,best protein powder for women India,,https://prolicious.com/blogs/articles/best-protein-powder-for-women-in-india-a-complete-buying-guide,2026-09-16
nutrition,best protein powder for women India,,https://www.healthkart.com/protein-for-women?navKey=SCT-snt-pt-wptn,2026-09-16
nutrition,best protein powder for women India,Best Protein Powder for Women Online - OZiva,https://www.oziva.in/collections/protein-powder-for-women,2026-09-16
nutrition,best protein powder for women India,What protein powder do you girls consume to complete your daily ...,https://www.reddit.com/r/TwoXIndia/comments/1qqmt5b/what_protein_powder_do_you_girls_consume_to/,2026-09-16
nutrition,best protein powder for women India,Best Protein Powders In India 2025: Pink Tiger Verified - Luke Coutinho,https://www.lukecoutinho.com/blogs/india-top-protein-powders/,2026-09-16
nutrition,best protein powder for women India,Buy Women Protein Supplement Online From Flipkart,"https://www.flipkart.com/health-care/health-supplements/protein-supplement/women~idealfor/pr?sid=hlc,etg,1rx",2026-09-16
nutrition,best protein powder for women India,Amazon.in Bestsellers: The most popular items in Plant Proteins,https://www.amazon.in/gp/bestsellers/hpc/11364599031,2026-09-16
nutrition,best protein powder for women India,Buy Premium Protein Powder Online - Best Protein Supplement,https://www.optimumnutrition.co.in/collections/protein-powder,2026-09-16
nutrition,best protein powder for women India,Best Protein Powder for Women in India and How to Choose One Wisely,https://prolicious.com/blogs/articles/best-protein-powder-for-women-in-india-a-complete-buying-guide,2026-09-16
nutrition,best protein powder for women India,Buy Protein Powder for Women Online in India - HealthKart,https://www.healthkart.com/protein-for-women?navKey=SCT-snt-pt-wptn,2026-09-16
nutrition,best creatine monohydrate brand in India,,https://www.healthkart.com/connect/10-best-creatine-supplements-in-india-2026-ranked-for-the-everyday-gym-goer/,2026-09-16
nutrition,best creatine monohydrate brand in India,,https://nutrabay.com/product-category/bodybuilding/bodybuilding-essentials/creatine/,2026-09-16
nutrition,best creatine monohydrate brand in India,10 Best Creatine Supplements in India (2026): Ranked for the Everyday ...,https://www.healthkart.com/connect/10-best-creatine-supplements-in-india-2026-ranked-for-the-everyday-gym-goer/,2026-09-16
nutrition,best creatine monohydrate brand in India,Buy Creatine in India 2026 | Original Products - NUTRABAY™,https://nutrabay.com/product-category/bodybuilding/bodybuilding-essentials/creatine/,2026-09-16
nutrition,best multivitamin for men India,,https://www.centrumshop.in/men,2026-09-16
nutrition,best multivitamin for men India,,https://www.1mg.com/categories/multivitamins/men-507,2026-09-16
nutrition,best multivitamin for men India,,https://www.healthkart.com/connect/7-best-multivitamin-tablets-in-india-2026-compared-by-nutrients-formula-and-price/,2026-09-16
nutrition,best multivitamin for men India,,https://www.amazon.in/gp/bestsellers/hpc/11364815031,2026-09-16
nutrition,best multivitamin for men India,,https://www.mrmed.in/health-library/health-care/best-multivitamin-for-men,2026-09-16
nutrition,best multivitamin for men India,Multivitamins for Men: Best Vitamin Supplements & Tablets in India,https://www.centrumshop.in/men,2026-09-16
nutrition,best multivitamin for men India,Buy Multivitamins Products Online in India | Tata 1mg,https://www.1mg.com/categories/multivitamins/men-507,2026-09-16
nutrition,best multivitamin for men India,7 Best Multivitamin Tablets For Men and Women in India (2026),https://www.healthkart.com/connect/7-best-multivitamin-tablets-in-india-2026-compared-by-nutrients-formula-and-price/,2026-09-16
nutrition,best multivitamin for men India,Amazon.in Bestsellers: The most popular items in Multivitamins,https://www.amazon.in/gp/bestsellers/hpc/11364815031,2026-09-16
nutrition,best multivitamin for men India,Best Multivitamin for Men in India: Top 10 Tablets Reviewed - MrMed,https://www.mrmed.in/health-library/health-care/best-multivitamin-for-men,2026-09-16
nutrition,best omega 3 fish oil supplement India,,https://www.healthkart.com/connect/5-best-omega-3-capsules-in-india-2026-ranked-by-purity-active-epa-dha-potency/,2026-09-16
nutrition,best omega 3 fish oil supplement India,,https://www.youtube.com/watch?v=I8zLK6Joe3A,2026-09-16
nutrition,best omega 3 fish oil supplement India,,https://www.guardian.in/collections/gnc-omegas-fish-oils,2026-09-16
nutrition,best omega 3 fish oil supplement India,,https://www.unboxhealth.in/explore/category-list/omega-3-supplements/5c004b85-cf03-4214-9870-5bd77a1d1031,2026-09-16
nutrition,best omega 3 fish oil supplement India,5 Best Omega-3 Capsules in India (2026): Ranked by Purity & Active ...,https://www.healthkart.com/connect/5-best-omega-3-capsules-in-india-2026-ranked-by-purity-active-epa-dha-potency/,2026-09-16
nutrition,best omega 3 fish oil supplement India,7 Best Omega 3 Fish Oil Capsules in India 2026 - YouTube,https://www.youtube.com/watch?v=I8zLK6Joe3A,2026-09-16
nutrition,best omega 3 fish oil supplement India,Best Omega Fish Oil Capsules for Heart & Brain Health | GNC India,https://www.guardian.in/collections/gnc-omegas-fish-oils,2026-09-16
nutrition,best omega 3 fish oil supplement India,Best Omega-3 Supplements in India | Lab Test Ratings - Unbox Health,https://www.unboxhealth.in/explore/category-list/omega-3-supplements/5c004b85-cf03-4214-9870-5bd77a1d1031,2026-09-16
nutrition,best vitamin D3 supplement India,,https://decodeage.com/blogs/supplements/best-vitamin-d3-supplements-in-india-2026,2026-09-16
nutrition,best vitamin D3 supplement India,,https://www.instagram.com/reel/DADvQQzygyn/?hl=en,2026-09-16
nutrition,best vitamin D3 supplement India,,https://www.amazon.in/gp/bestsellers/hpc/11364834031,2026-09-16
nutrition,best vitamin D3 supplement India,,https://www.1mg.com/otc/vitamin-d3-capsules-supports-bone-strength-calcium-absorption-by-tata-1mg-otc735438,2026-09-16
nutrition,best vitamin D3 supplement India,,https://www.apollopharmacy.in/shop-by-category/vitamin-d,2026-09-16
nutrition,best vitamin D3 supplement India,,https://www.1mg.com/generics/vitamin-d3-210955,2026-09-16
nutrition,best vitamin D3 supplement India,,https://meruactivs.com/blogs/articles/best-vitamin-d3-and-k2-supplement-in-india-after-50-what-to-look-for-on-the-label,2026-09-16
nutrition,best vitamin D3 supplement India,,https://www.amazon.in/live/video/104d43ed3090464eb8ddf7cb07d5a80f,2026-09-16
nutrition,best vitamin D3 supplement India,,https://www.1mg.com/categories/vitamins-nutrition/vitamin-d-121,2026-09-16
nutrition,best vitamin D3 supplement India,"Best Vitamin D3 Supplements in India 2026: Dosage, Forms, and Top Picks",https://decodeage.com/blogs/supplements/best-vitamin-d3-supplements-in-india-2026,2026-09-16
nutrition,best vitamin D3 supplement India,3 Tips to choose best Vitamin D supplement for better absorption 1. ...,https://www.instagram.com/reel/DADvQQzygyn/?hl=en,2026-09-16
nutrition,best vitamin D3 supplement India,Amazon.in Bestsellers: The most popular items in Vitamin D,https://www.amazon.in/gp/bestsellers/hpc/11364834031,2026-09-16
nutrition,best vitamin D3 supplement India,Vitamin D3 Capsules | Supports Bone Strength & Calcium Absorption,https://www.1mg.com/otc/vitamin-d3-capsules-supports-bone-strength-calcium-absorption-by-tata-1mg-otc735438,2026-09-16
nutrition,best vitamin D3 supplement India,Buy Vitamin D Capsules Online - Apollo Pharmacy,https://www.apollopharmacy.in/shop-by-category/vitamin-d,2026-09-16
nutrition,best vitamin D3 supplement India,"Vitamin D3: View Uses, Side Effects and Medicines | 1mg",https://www.1mg.com/generics/vitamin-d3-210955,2026-09-16
nutrition,best vitamin D3 supplement India,Best Vitamin D3 and K2 Supplement in India After 50: What to Look for,https://meruactivs.com/blogs/articles/best-vitamin-d3-and-k2-supplement-in-india-after-50-what-to-look-for-on-the-label,2026-09-16
nutrition,best vitamin D3 supplement India,Watch Vitamin D3 supplements on Amazon Live,https://www.amazon.in/live/video/104d43ed3090464eb8ddf7cb07d5a80f,2026-09-16
nutrition,best vitamin D3 supplement India,Buy Vitamins & Nutrition Products Online in India | Tata 1mg,https://www.1mg.com/categories/vitamins-nutrition/vitamin-d-121,2026-09-16
nutrition,best magnesium supplement for sleep India,,https://wellbeingnutrition.com/collections/magnesium,2026-09-16
nutrition,best magnesium supplement for sleep India,,https://wellbeingnutrition.com/products/triple-magnesium-complex,2026-09-16
nutrition,best magnesium supplement for sleep India,,https://www.amazon.in/magnesium-for-sleep/s?k=magnesium+for+sleep,2026-09-16
nutrition,best magnesium supplement for sleep India,,https://healthyhey.com/hi/blogs/best-supplements-blog/best-magnesium-supplement-in-india-how-to-choose-the-right-one-2026,2026-09-16
nutrition,best magnesium supplement for sleep India,,https://www.1mg.com/otc/magnesium-glycinate-tablets-2000mg-chelated-form-for-muscle-recovery-sleep-nerve-health-by-tata1mg-otc1061066,2026-09-16
nutrition,best magnesium supplement for sleep India,,https://www.1mg.com/categories/fitness-supplements/magnesium-2618,2026-09-16
nutrition,best magnesium supplement for sleep India,,https://www.unboxhealth.in/explore/category-list/magnesium-supplements/5dd89518-e98b-44d9-a71f-f7d14fc035b7,2026-09-16
nutrition,best magnesium supplement for sleep India,,https://www.sleepfoundation.org/magnesium,2026-09-16
nutrition,best magnesium supplement for sleep India,Buy Magnesium Supplements Online in India | Wellbeing Nutrition,https://wellbeingnutrition.com/collections/magnesium,2026-09-16
nutrition,best magnesium supplement for sleep India,Buy Triple Magnesium Complex Capsules for Sleep,https://wellbeingnutrition.com/products/triple-magnesium-complex,2026-09-16
nutrition,best magnesium supplement for sleep India,Magnesium For Sleep - Amazon.in,https://www.amazon.in/magnesium-for-sleep/s?k=magnesium+for+sleep,2026-09-16
nutrition,best magnesium supplement for sleep India,Best Magnesium Supplement in India 2026: How to Choose,https://healthyhey.com/hi/blogs/best-supplements-blog/best-magnesium-supplement-in-india-how-to-choose-the-right-one-2026,2026-09-16
nutrition,best magnesium supplement for sleep India,Tata 1mg Magnesium Glycinate Chelated Tablet,https://www.1mg.com/otc/magnesium-glycinate-tablets-2000mg-chelated-form-for-muscle-recovery-sleep-nerve-health-by-tata1mg-otc1061066,2026-09-16
nutrition,best magnesium supplement for sleep India,Buy Vitamins & Nutrition Products Online in India | Tata 1mg,https://www.1mg.com/categories/fitness-supplements/magnesium-2618,2026-09-16
nutrition,best magnesium supplement for sleep India,Best Magnesium Supplements in India | Lab Test Ratings - Unbox Health,https://www.unboxhealth.in/explore/category-list/magnesium-supplements/5dd89518-e98b-44d9-a71f-f7d14fc035b7,2026-09-16
nutrition,best magnesium supplement for sleep India,"Magnesium for Sleep: Benefits, Types, Dosage, and Side Effects",https://www.sleepfoundation.org/magnesium,2026-09-16
nutrition,best ashwagandha supplement India,,https://www.amazon.in/gp/bestsellers/hpc/27060758031,2026-09-16
nutrition,best ashwagandha supplement India,,https://www.amazon.in/Organic-India-Ashwagandha-Capsules-Count/dp/B01MAWPTFK,2026-09-16
nutrition,best ashwagandha supplement India,,https://organicindia.com/products/ashwagandha-capsules,2026-09-16
nutrition,best ashwagandha supplement India,,https://rasayanam.in/blogs/energy-strength/the-best-ashwagandha-in-india,2026-09-16
nutrition,best ashwagandha supplement India,,https://www.healthkart.com/connect/top-5-ashwagandha-supplements-in-india-2026/,2026-09-16
nutrition,best ashwagandha supplement India,,https://www.healthkart.com/best-sellers/ashwagandha?navKey=SCT-auyr-hrd-ashw,2026-09-16
nutrition,best ashwagandha supplement India,,https://www.amazon.in/best-ashwagandha-brand/s?k=best+ashwagandha+brand,2026-09-16
nutrition,best ashwagandha supplement India,,https://www.deepayurveda.in/blogs/news/best-ashwagandha-powder-brands-in-india,2026-09-16
nutrition,best ashwagandha supplement India,,https://www.amazon.in/top-10-ashwagandha-brand-in-india/s?k=top+10+ashwagandha+brand+in+india,2026-09-16
nutrition,best ashwagandha supplement India,,https://nutrabay.com/product-category/ashwagandha-withania-somnifera/,2026-09-16
nutrition,best ashwagandha supplement India,,https://www.amazon.in/Ashwagandha-Top-Brands-Herbal-Supplements/s?rh=n%3A27060758031%2Cp_n_feature_thirteen_browse-bin%3A27915242031,2026-09-16
nutrition,best ashwagandha supplement India,Amazon.in Bestsellers: The most popular items in Ashwagandha,https://www.amazon.in/gp/bestsellers/hpc/27060758031,2026-09-16
nutrition,best ashwagandha supplement India,Organic India Pure Ashwagandha Root Capsules,https://www.amazon.in/Organic-India-Ashwagandha-Capsules-Count/dp/B01MAWPTFK,2026-09-16
nutrition,best ashwagandha supplement India,Ashwagandha Capsules for Stress Relief – Organic India,https://organicindia.com/products/ashwagandha-capsules,2026-09-16
nutrition,best ashwagandha supplement India,Which is the Best Ashwagandha in India? KSM-66 vs Regular Explained,https://rasayanam.in/blogs/energy-strength/the-best-ashwagandha-in-india,2026-09-16
nutrition,best ashwagandha supplement India,Top 5 Ashwagandha Supplements in India 2026 - HealthKart,https://www.healthkart.com/connect/top-5-ashwagandha-supplements-in-india-2026/,2026-09-16
nutrition,best ashwagandha supplement India,Buy Best Ashwagandha Powder at Lowest Price in India @ HealthKart,https://www.healthkart.com/best-sellers/ashwagandha?navKey=SCT-auyr-hrd-ashw,2026-09-16
nutrition,best ashwagandha supplement India,Best Ashwagandha Brand - Amazon.in,https://www.amazon.in/best-ashwagandha-brand/s?k=best+ashwagandha+brand,2026-09-16
nutrition,best ashwagandha supplement India,Best Ashwagandha Powder Brand in India (2026) - Deep Ayurveda,https://www.deepayurveda.in/blogs/news/best-ashwagandha-powder-brands-in-india,2026-09-16
nutrition,best ashwagandha supplement India,Top 10 Ashwagandha Brand In India - Amazon.in,https://www.amazon.in/top-10-ashwagandha-brand-in-india/s?k=top+10+ashwagandha+brand+in+india,2026-09-16
nutrition,best ashwagandha supplement India,Buy Ashwagandha (Withania Somnifera) in India 2026 - Nutrabay,https://nutrabay.com/product-category/ashwagandha-withania-somnifera/,2026-09-16
nutrition,best ashwagandha supplement India,Amazon.in: Top Brands - Ashwagandha / Herbal Supplements,https://www.amazon.in/Ashwagandha-Top-Brands-Herbal-Supplements/s?rh=n%3A27060758031%2Cp_n_feature_thirteen_browse-bin%3A27915242031,2026-09-16
nutrition,best whey protein isolate India,,https://rippedupnutrition.com/blogs/runs-club/best-whey-protein-isolate-india-2026,2026-09-16
nutrition,best whey protein isolate India,,https://www.qntsport.in/guidedetail/6a0ffc286846677549021bd4/top-10-best-isolate-protein-in-india-2026,2026-09-16
nutrition,best whey protein isolate India,,https://www.google.com/,2026-09-16
nutrition,best whey protein isolate India,,https://www.healthkart.com/best-sellers/whey-protein-isolate?navKey=SCT-nut-pro-iso,2026-09-16
nutrition,best whey protein isolate India,Best Whey Protein Isolate in India (2026): A Buyer's Guide Ranked by P,https://rippedupnutrition.com/blogs/runs-club/best-whey-protein-isolate-india-2026,2026-09-16
nutrition,best whey protein isolate India,Top 10 Best Isolate Protein In India 2026,https://www.qntsport.in/guidedetail/6a0ffc286846677549021bd4/top-10-best-isolate-protein-in-india-2026,2026-09-16
nutrition,best whey protein isolate India,Dymatize ISO 100 Whey Protein,"https://www.google.com/search?q=product&prds=pvt:hg,productid:2714246625424788324,catalogid:6740442309944939483,gpcid:3704297910055528233,mid:576462399470076719&ibp=oshop",2026-09-16
nutrition,best whey protein isolate India,Buy Best Whey Protein Isolate Online in India | Healthkart,https://www.healthkart.com/best-sellers/whey-protein-isolate?navKey=SCT-nut-pro-iso,2026-09-16
nutrition,best collagen supplement India for skin,Amazon.in Bestsellers: The most popular items in Collagen,https://www.amazon.in/gp/bestsellers/hpc/11364660031,2026-09-16
nutrition,best collagen supplement India for skin,8 Best Collagen Supplements for Skin in India (2026),https://www.healthkart.com/connect/8-best-collagen-supplements-for-skin-in-india-2026-ranked-by-type-efficacy/,2026-09-16
nutrition,best collagen supplement India for skin,Buy Best Marine Collagen Powder in India | Wellbeing Nutrition,https://wellbeingnutrition.com/collections/marine-collagen,2026-09-16
nutrition,best collagen supplement India for skin,"Buy Collagen Supplements for Skin, Hair \u0026 Joint Health",https://wellbeingnutrition.com/collections/pure-collagen-peptides,2026-09-16
nutrition,best collagen supplement India for skin,Top 7 Best Collagen Supplements for Skin and Hair in India,https://www.vmgactive.com/blog/top-7-best-collagen-supplements-for-skin-and-hair-in-india?srsltid=AU7gw4U6U69rhiDz4_KJLeCmANXiDEINqEp024p44zG8QFBaoELt66lx,2026-09-16
nutrition,best collagen supplement India for skin,Collagen - Nykaa,https://www.nykaa.com/wellness/beauty-boosters/collagen/c/18547,2026-09-16
nutrition,best collagen supplement India for skin,INJA Wellness: Best Collagen Supplement in India - Marine \u0026 Veg,https://injawellness.com/,2026-09-16
nutrition,best collagen supplement India for skin,Best \u0026 Worst Collagen Globally| Dr Vanita Rattan,https://www.youtube.com/watch?v=Nvv-zZ7vERQ&t=603,2026-09-16
nutrition,best collagen supplement India for skin,"Best Collagen Supplements for Skin, Hair \u0026 Joints | GNC India",https://www.guardian.in/collections/collagen,2026-09-16
nutrition,best iron supplement for women India,,https://www.apollopharmacy.in/fol-xt-tablet-15-s/health-queries/please-suggest-best-iron-supplement-available-india,2026-09-16
nutrition,best iron supplement for women India,,https://www.amazon.in/gp/bestsellers/hpc/11364789031,2026-09-16
nutrition,best iron supplement for women India,,https://www.amazon.in/Carbamide-Forte-Vitamin-Tablet-Absorption/dp/B0751BXN4Y,2026-09-16
nutrition,best iron supplement for women India,,https://swisse.co.in/products/swisse-iron-tablets,2026-09-16
nutrition,best iron supplement for women India,,https://healthyhey.com/blogs/best-supplements-blog/best-iron-supplements-for-women-in-india-benefits-dosage-side-effects-2026,2026-09-16
nutrition,best iron supplement for women India,,https://www.healthkart.com/iron?navKey=SCT-vs-min-iron,2026-09-16
nutrition,best iron supplement for women India,,https://www.youtube.com/shorts/NoCXc29LK-o,2026-09-16
nutrition,best iron supplement for women India,,https://www.1mg.com/categories/vitamins-nutrition/iron-428,2026-09-16
nutrition,best iron supplement for women India,,https://steadfastnutrition.in/collections/best-iron-supplement-for-women,2026-09-16
nutrition,best iron supplement for women India,Please suggest the best iron supplement available in India. | Apollo Pharmacy,https://www.apollopharmacy.in/fol-xt-tablet-15-s/health-queries/please-suggest-best-iron-supplement-available-india,2026-09-16
nutrition,best iron supplement for women India,Amazon.in Bestsellers: The most popular items in Iron,https://www.amazon.in/gp/bestsellers/hpc/11364789031,2026-09-16
nutrition,best iron supplement for women India,Carbamide Forte Iron Supplement Tablets with Folic Acid - Amazon.in,https://www.amazon.in/Carbamide-Forte-Vitamin-Tablet-Absorption/dp/B0751BXN4Y,2026-09-16
nutrition,best iron supplement for women India,Iron supplements | 30 Tablets - Swisse India,https://swisse.co.in/products/swisse-iron-tablets,2026-09-16
nutrition,best iron supplement for women India,"Best Iron Supplements for Women in India — Benefits, Dosage & Side Eff – HealthyHey",https://healthyhey.com/blogs/best-supplements-blog/best-iron-supplements-for-women-in-india-benefits-dosage-side-effects-2026,2026-09-16
nutrition,best iron supplement for women India,Iron Tablets: Boost Energy & Prevent Deficiency | HealthKart,https://www.healthkart.com/iron?navKey=SCT-vs-min-iron,2026-09-16
nutrition,best iron supplement for women India,Top 3 Iron Supplements for Indian Women - Best Iron Supplement for ...,https://www.youtube.com/shorts/NoCXc29LK-o,2026-09-16
nutrition,best iron supplement for women India,Buy Vitamins & Nutrition Products Online in India | Tata 1mg,https://www.1mg.com/categories/vitamins-nutrition/iron-428,2026-09-16
nutrition,best iron supplement for women India,Best Iron Supplement for Women - Steadfast Nutrition,https://steadfastnutrition.in/collections/best-iron-supplement-for-women,2026-09-16
nutrition,best probiotic supplement for gut health India,Best Probiotic Supplements In India: 5 Proven Picks for Daily ...,https://medigest.in/best-probiotic-supplements-in-india/,2026-09-16
nutrition,best probiotic supplement for gut health India,Buy Best Prebiotic \u0026 Probiotic Tablets in India - Wellbeing Nutrition,https://wellbeingnutrition.com/products/probiotic-prebiotic-effervescent-tablets,2026-09-16
nutrition,best probiotic supplement for gut health India,Best Probiotics in India — How to Choose the Right One (2026),https://healthyhey.com/blogs/best-supplements-blog/best-probiotics-in-india-how-to-choose-the-right-one-2026?srsltid=AU7gw4Uugf0sG26HQUzD84niaguAdrD2QMkPYnfyedXC8TJyQIlRoDgo,2026-09-16
nutrition,best probiotic supplement for gut health India,"Probiotics That Actually Work: Benefits, Best Strains, Dose, ...",https://www.youtube.com/watch?v=8a68yp6XHXY&t=106,2026-09-16
nutrition,best probiotic supplement for gut health India,Buy Pre and Probiotics Medicines at Best Prices In India | Truemeds,https://www.truemeds.in/categories/health-conditions/digestive-care/pre-and-probiotics-114,2026-09-16
nutrition,best protein bar India healthy,,https://www.flavorcatalyst.com/insights/top-10-protein-bars-in-india/,2026-09-16
nutrition,best protein bar India healthy,,https://www.instagram.com/reel/DYUjFc9osCO/?hl=en,2026-09-16
nutrition,best protein bar India healthy,,https://thewholetruthfoods.com/categories/protein-bars,2026-09-16
nutrition,best protein bar India healthy,,https://www.instagram.com/reel/DJBUDYJTEp8/,2026-09-16
nutrition,best protein bar India healthy,,https://www.google.com/,2026-09-16
nutrition,best protein bar India healthy,,https://www.youtube.com/watch?v=VKa8YE4Rdeo,2026-09-16
nutrition,best protein bar India healthy,,https://www.amazon.in/protein-bars/s?k=protein+bars,2026-09-16
nutrition,best protein bar India healthy,Top 10 Best Protein Bars in India 2026 - The Only Guide You Need,https://www.flavorcatalyst.com/insights/top-10-protein-bars-in-india/,2026-09-16
nutrition,best protein bar India healthy,The Best Indian Protein Bar Comparison,https://www.instagram.com/reel/DYUjFc9osCO/?hl=en,2026-09-16
nutrition,best protein bar India healthy,Protein Bars - The Whole Truth Foods,https://thewholetruthfoods.com/categories/protein-bars,2026-09-16
nutrition,best protein bar India healthy,We Ranked the Most Popular “Protein Bars” available in India. The major ...,https://www.instagram.com/reel/DJBUDYJTEp8/?hl=en,2026-09-16
nutrition,best protein bar India healthy,Voll Pro Plant Protein Bar With Daily Greens High Protein 26g,"https://www.google.com/search?q=product&prds=pvt:hg,productid:2275565258959494391,catalogid:9224415043081479694,gpcid:4958495836551996816,mid:576462782183407728&ibp=oshop",2026-09-16
nutrition,best protein bar India healthy,MuscleBlaze Protein Bar,"https://www.google.com/search?q=product&prds=pvt:hg,productid:1788332924100070696,catalogid:18248483608633545827,gpcid:11329232974651243412,mid:576462894445514620&ibp=oshop",2026-09-16
nutrition,best protein bar India healthy,Doctor Reviews and Ranks the Best Protein Bars in India - YouTube,https://www.youtube.com/watch?v=VKa8YE4Rdeo,2026-09-16
nutrition,best protein bar India healthy,Buy Protein Bars Online at Best Price in india - Amazon.in,https://www.amazon.in/protein-bars/s?k=protein+bars,2026-09-16
nutrition,best supplements for PCOS India,Top 7 Supplements to Manage PCOS - Arva Fertility,https://www.arva.health/blogs/arva-wellness/top-7-supplements-to-manage-pcos?srsltid=AU7gw4UQhEkG4KEhCI6dMWSpXbYqI_tIUEi_QHYZJnSrCn5WJ8zowzBb,2026-09-16
nutrition,best supplements for PCOS India,"Best Supplements for PCOS: Vitamin D, Magnesium, and More",https://www.goodrx.com/conditions/pcos/best-supplements-for-pcos?srsltid=AU7gw4X60mSYBv2vnsq1eaQn7PH245pd5n7XzNRHQYho9sM_ZyG6JJ18,2026-09-16
nutrition,best supplements for PCOS India,Carbamide Forte PCOS Supplement For Women - Amazon.in,https://www.amazon.in/Carbamide-Forte-PCOS-Supplements-Women/dp/B09P5DS6BB,2026-09-16
nutrition,best supplements for PCOS India,Productiv -PCOS Tablet - 1mg,https://www.1mg.com/otc/productiv-pcos-tablet-otc332358,2026-09-16
nutrition,best supplements for PCOS India,The 7 Best Supplements for Patients with PMOS (formerly PCOS),https://worldlinkmedical.com/resources/blog/prevention-by-disease-state/pcos/the-7-best-supplements-for-patients-with-pcos,2026-09-16
nutrition,best supplements for PCOS India,Buy Best PCOS Care Tablets | 6-in-1 PCOS Supplement,https://shop.goodflip.in/products/pcos-care-supplement?srsltid=AU7gw4Xx7caxtzjpGYHBtq1SyNMnU-mcp9YANtoYV8ofwkaoF-Sw70Dh,2026-09-16
nutrition,best supplements for PCOS India,Best PCOS Supplement India: What Actually Works Naturally?,https://tvarasuperfood.com/blogs/tvara-writes/best-pcos-supplement-india-what-actually-works-naturally?srsltid=AU7gw4WT__OOpLHQkgLRuL18w3tXk5I87-_fhlNLHALLx340fWlg4dWc,2026-09-16
nutrition,best supplements for PCOS India,10 Best Supplements for Women with PCOS Related Infertility,https://www.fortishealthcare.com/best-supplements-for-women-with-pcos-related-infertility,2026-09-16
nutrition,best supplements for PCOS India,Dietary supplements for polycystic ovary syndrome - PMC - NIH,https://pmc.ncbi.nlm.nih.gov/articles/PMC9710389/,2026-09-16
nutrition,best supplements for PCOS India,10 Best Supplements For PCOD | Dr Anjali Kumar | Maitri,https://www.youtube.com/watch?v=BAye3-Pzetk&t=406,2026-09-16
nutrition,best protein powder India under 2000,Buy Best Whey Protein Under 2000 at Lowest Prices - Hyugalife,https://hyugalife.com/product-category/best-whey-protein-under-2000?srsltid=AU7gw4WAyvsNfppt-nwPk8KGu28O_YNJjho5h0CQNk9AENjxzyQBu1a1,2026-09-16
nutrition,best protein powder India under 2000,"Top 7 Cleanest Whey Proteins in India (2026): Ranked by Purity, Quality ...",https://www.healthkart.com/connect/top-7-cleanest-whey-proteins-in-india-2026-ranked-by-purity-and-quality-social-proof/?srsltid=AU7gw4Wygr5Q4s6MINL8QwgiTOWGKM3SlPvctPXF9uP_c_Jtv3QS6SGy,2026-09-16
nutrition,best protein powder India under 2000,Buy Best Whey Protein in Affordable Price - nakpro nutrition,https://nakpro.com/collections/whey-protein-powder?srsltid=AU7gw4WqrJqmJNY3PjwgicC3kGHr8bFRAAxskg6SM2gCUX1PMApYsQOT,2026-09-16
nutrition,best protein powder India under 2000,Best Whey Protein Under ₹3000 India (2026 Guide) - Pure Nutrition,https://purenutrition.in/blogs/news/best-whey-protein-under-3000-india?srsltid=AU7gw4V9uWI3BgjvocEJkn8JYolx3pXW1KKnZXpGk9Uuy9eUZCxMoPs0,2026-09-16
nutrition,best protein powder India under 2000,Best Whey Protein Under ₹2000 in India — Nutrabox Alp,https://nutrabox.in/blogs/health-blog/best-whey-protein-under-2000-in-india-nutrabox-alpha-whey?srsltid=AU7gw4Vkx_4IqGSKFste64UBUu_3dWiq4y4hOrJpm6sNcH5Yd1wnr1oK,2026-09-16
nutrition,best multivitamin for women India,,https://www.amazon.in/Centrum-Multivitamin-Nutrients-Radiance-Immunity/dp/B0BD2H2XJ2,2026-09-16
nutrition,best multivitamin for women India,,https://www.amazon.in/Supradyn-Multivitamin-tablets-Magnesium-Immunity/dp/B0D9KDG3Q5,2026-09-16
nutrition,best multivitamin for women India,,https://www.youtube.com/shorts/dh5XP7gng7U,2026-09-16
nutrition,best multivitamin for women India,,https://www.guardian.in/collections/multivitamins-for-women,2026-09-16
nutrition,best multivitamin for women India,,https://www.oziva.in/products/oziva-daily-women-s-multi-tablets-with-23-multivitamins-minerals-shatavari-brahmi-arginine-for-daily-energy-better-hormonal-balance-stress-management-60-veg-tablets,2026-09-16
nutrition,best multivitamin for women India,,https://www.reddit.com/r/TwoXIndia/comments/1m74thq/ladies_whats_your_goto_multivitamin_brand_drop/,2026-09-16
nutrition,best multivitamin for women India,,https://www.mrmed.in/health-library/health-care/best-multivitamins-for-women-in-india,2026-09-16
nutrition,best multivitamin for women India,Centrum Women Multivitamin Tablet - Amazon.in,https://www.amazon.in/Centrum-Multivitamin-Nutrients-Radiance-Immunity/dp/B0BD2H2XJ2,2026-09-16
nutrition,best multivitamin for women India,"Supradyn Daily, India's No.1 Multivitamin Tablets for Women",https://www.amazon.in/Supradyn-Multivitamin-tablets-Magnesium-Immunity/dp/B0D9KDG3Q5,2026-09-16
nutrition,best multivitamin for women India,Top 3 Best Multivitamins for WOMEN in India - Must Have Supplement ...,https://www.youtube.com/shorts/dh5XP7gng7U,2026-09-16
nutrition,best multivitamin for women India,Best Women’s Multivitamin Wellness Supplements - GNC India,https://www.guardian.in/collections/multivitamins-for-women,2026-09-16
nutrition,best multivitamin for women India,Buy Multivitamin Tablets for Women Online - OZiva,https://www.oziva.in/products/oziva-daily-women-s-multi-tablets-with-23-multivitamins-minerals-shatavari-brahmi-arginine-for-daily-energy-better-hormonal-balance-stress-management-60-veg-tablets,2026-09-16
nutrition,best multivitamin for women India,"Ladies, what's your go-to multivitamin brand? Drop reccos! : r/TwoXIndia",https://www.reddit.com/r/TwoXIndia/comments/1m74thq/ladies_whats_your_goto_multivitamin_brand_drop/,2026-09-16
nutrition,best multivitamin for women India,Best Multivitamins for Women in India | Boost Energy & Immunity - MrMed,https://www.mrmed.in/health-library/health-care/best-multivitamins-for-women-in-india,2026-09-16
nutrition,best zinc supplement India immunity,Find the Best Zinc Supplement for Immunity \u0026 Vitality - Fastandup,https://in.fastandup.com/blogs/vitamins-and-supplements/best-zinc-supplement?srsltid=AU7gw4Uk6tq5L5XRGvXpLxCHF5DexZbxwubnxbKwGYU_snMUddDx9WQO,2026-09-16
nutrition,best zinc supplement India immunity,Best Zinc Supplement for Immunity \u0026 Daily Health in India (2026 Guide),https://purenutrition.in/blogs/news/best-zinc-supplement-immunity-daily-health-india,2026-09-16
nutrition,best zinc supplement India immunity,"Give Your Body Its Zinc (Immune System, Healing, Covid) ...",https://www.youtube.com/shorts/Mf6ObBE0v2E,2026-09-16
nutrition,best zinc supplement India immunity,Amazon.in Bestsellers: The most popular items in Zinc,https://www.amazon.in/gp/bestsellers/hpc/11364800031,2026-09-16
nutrition,best zinc supplement India immunity,Amazon.in: Zinc Supplements For Men,https://www.amazon.in/zinc-supplements-for-men/s?k=zinc+supplements+for+men,2026-09-16
nutrition,best zinc supplement India immunity,Amazon.in: Zinc Supplements For Women,https://www.amazon.in/zinc-supplements-for-women/s?k=zinc+supplements+for+women,2026-09-16
nutrition,best zinc supplement India immunity,"Zinc: The Essential Mineral for Strength, Immunity, and ...",https://www.youtube.com/shorts/m3EsGjb1bZc,2026-09-16
nutrition,best zinc supplement India immunity,Zinc for Men: Why It Matters and How Much You Need - Life Extension,https://www.lifeextension.com/wellness/supplements/zinc-for-men?srsltid=AU7gw4XQdXTlu8H_uVpQ84Qyldyew_JKSBZqa0SE0ghz4hs5Er5KBB_L,2026-09-16
nutrition,best zinc supplement India immunity,"Zinc for Colds, Rashes, and the Immune System - WebMD",https://www.webmd.com/vitamins-and-supplements/supplement-guide-zinc,2026-09-16
nutrition,best zinc supplement India immunity,The Best Form of Zinc Supplement for Immune Support - Thorne,https://www.thorne.com/take-5-daily/article/why-zinc-form-matters-for-immune-support,2026-09-16
nutrition,best zinc supplement India immunity,Should You Be Taking A Zinc Supplement?,https://www.youtube.com/watch?v=-Cwx_aKSRm4&t=29,2026-09-16
nutrition,best whey protein for weight loss India,,https://www.optimumnutrition.co.in/collections/protein-powder,2026-09-16
nutrition,best whey protein for weight loss India,,https://www.amazon.in/best-isolate-protein-for-fat-loss/s?k=best+isolate+protein+for+fat+loss,2026-09-16
nutrition,best whey protein for weight loss India,,https://www.healthkart.com/connect/10-best-whey-protein-powders-in-india-2026-muscleblaze-truebasics-more-ranked/,2026-09-16
nutrition,best whey protein for weight loss India,,https://www.flavorcatalyst.com/insights/top-10-whey-protein-brands-in-india/,2026-09-16
nutrition,best whey protein for weight loss India,,https://nutrabay.com/product-category/bodybuilding/proteins/whey-proteins/,2026-09-16
nutrition,best whey protein for weight loss India,,https://wellbeingnutrition.com/collections/whey-protein,2026-09-16
nutrition,best whey protein for weight loss India,Buy Premium Protein Powder Online - Best Protein Supplement,https://www.optimumnutrition.co.in/collections/protein-powder,2026-09-16
nutrition,best whey protein for weight loss India,Best Isolate Protein For Fat Loss - Amazon.in,https://www.amazon.in/best-isolate-protein-for-fat-loss/s?k=best+isolate+protein+for+fat+loss,2026-09-16
nutrition,best whey protein for weight loss India,10 Best Whey Protein Powders in India (2026) - HealthKart,https://www.healthkart.com/connect/10-best-whey-protein-powders-in-india-2026-muscleblaze-truebasics-more-ranked/,2026-09-16
nutrition,best whey protein for weight loss India,Top 10 Whey Protein Brands In India 2026 - Flavor Catalystz,https://www.flavorcatalyst.com/insights/top-10-whey-protein-brands-in-india/,2026-09-16
nutrition,best whey protein for weight loss India,Buy Whey Protein in India 2026 | Original Products - NUTRABAY™,https://nutrabay.com/product-category/bodybuilding/proteins/whey-proteins/,2026-09-16
nutrition,best whey protein for weight loss India,Buy Best Whey Protein Powder in India - Wellbeing Nutrition,https://wellbeingnutrition.com/collections/whey-protein,2026-09-16
nutrition,MuscleBlaze vs Optimum Nutrition which is better India,ON vs MuscleBlaze Whey: Which Is Better? | WellFitLife,https://wellfitlife.in/blog/optimum-nutrition-vs-muscleblaze-whey-protein-india,2026-09-16
nutrition,MuscleBlaze vs Optimum Nutrition which is better India,Which is a better whey protein- MuscleBlaze or ON? - Quora,https://www.quora.com/Which-is-a-better-whey-protein-MuscleBlaze-or-ON,2026-09-16
nutrition,MuscleBlaze vs Optimum Nutrition which is better India,⭐ ON Performance Whey vs MB Biozyme ... - Instagram,https://www.instagram.com/p/DRfKg0wgYK7/,2026-09-16
nutrition,MuscleBlaze vs Optimum Nutrition which is better India,Best Whey Protein India 2026: MuscleBlaze vs MyProtein vs ON,https://nutracore.in/blog/muscleblaze-vs-myprotein-vs-optimum-nutrition-best-whey-protein-in-india-2026?srsltid=AU7gw4VjoRaAETQYMXwbzKMgAcLH1SFE-DXCdWoV_mnFhbppp4wEnpeO,2026-09-16
nutrition,MuscleBlaze vs Optimum Nutrition which is better India,MuscleBlaze Whey Protein vs Gold Standard: Which to Buy in India?,https://zoutons.com/news/muscleblaze-vs-gold-standard,2026-09-16
nutrition,MuscleBlaze vs Optimum Nutrition which is better India,Switched from MuscleBlaze to Optimum Nutrition after 1 year - Reddit,https://www.reddit.com/r/indianfitness/comments/1lritst/switched_from_muscleblaze_to_optimum_nutrition/,2026-09-16
nutrition,how much protein per day for Indian vegetarian,How Much Protein You Need Daily (Indian Diet Focus),https://www.truemeds.in/health-library/daily-protein-requirement-indian-diet,2026-09-16
nutrition,how much protein per day for Indian vegetarian,High-Protein Indian Vegetarian Diet Plan (Full Day) - KABO,https://kabo.co.in/blogs/news/high-protein-indian-vegetarian-diet-plan?srsltid=AU7gw4XCo8JpBU6mSP88dP7CrsT-2JvYKmo-NmOBVZgzG3KYGjp8R-MA,2026-09-16
nutrition,how much protein per day for Indian vegetarian,20 Best Protein Sources and Intakes for Vegetarians | Medanta,https://www.medanta.org/patient-education-blog/20-power-packed-protein-sources-for-vegetarians,2026-09-16
nutrition,how much protein per day for Indian vegetarian,7-Day High Protein Vegetarian Diet Plan for Weight Loss - Prolicious,https://prolicious.com/blogs/articles/7-day-high-protein-vegetarian-diet-plan-for-weight-loss?srsltid=AU7gw4WjwfsJTLOi0mBUM0vQldzuOccQDk34kZ9XaMjyoCNUfWs5PLfQ,2026-09-16
nutrition,how much protein per day for Indian vegetarian,How Much Protein Should an Indian Eat? (Vegetarian Chart Included),https://www.yourtrainer.in/blog/how-much-protein-should-an-indian-eat-veg-chart,2026-09-16
nutrition,how much protein per day for Indian vegetarian,How Much Protein Do You Really Need Daily? Spoiler - Alpino,https://alpino.store/blogs/news/how-much-protein-do-you-really-need-daily-spoiler-most-indians-aren-t-even-close?srsltid=AU7gw4XNaXwedaH73wMJbScJ7i-J43YNw6vnSj-825_hDsxZrWzc79y7,2026-09-16
nutrition,how much protein per day for Indian vegetarian,High Protein Indian Diet: How to Hit 100g on Indian Food (2026),https://instacuppastore.com/blogs/main-page/high-protein-indian-diet-how-to-hit-100g-on-indian-food-2026?srsltid=AU7gw4Wxgeu_R0dGrlSLMZURBKBGpSP608Ee4iIm27VaVB8Z4e-bYai7,2026-09-16
nutrition,how much protein per day for Indian vegetarian,"Protein Rich Food - Vegetarian Diet Plan, Indian Recipes",https://www.healthifyme.com/blog/diet/7-high-protein-indian-vegetarian-foods/,2026-09-16
nutrition,how much protein per day for Indian vegetarian,High Protein Vegetarian Indian Diet: A Practical Daily Plan - Ecavo,https://ecavo.in/blog/high-protein-vegetarian-indian-diet,2026-09-16
nutrition,how much protein per day for Indian vegetarian,The Ultimate High-Protein Vegetarian Meal Plan (60 gms),https://www.youtube.com/watch?v=-L-L3nmwUDk,2026-09-16
nutrition,is creatine safe for beginners in India,How to Use Creatine for Beginners in India (2026 Guide),https://purenutrition.in/blogs/news/creatine-for-beginners-india-guide,2026-09-16
nutrition,is creatine safe for beginners in India,Is Creatine Safe? Myths \u0026 Facts for Indian Fitness Users,https://www.muscletech.in/blog/nutrition/is-creatine-safe-myths-facts-for-indian-fitness-users/?srsltid=AU7gw4V-dFP_qtrr9Omefvf6iCV6KPvJmZcsv-9jgeP31TZQmRCmQ_PL,2026-09-16
nutrition,is creatine safe for beginners in India,Creatine for Beginners: Should You Take It? - URMC.Rochester.edu,https://www.urmc.rochester.edu/news/publications/health-matters/creatine-for-beginners-should-you-take-it,2026-09-16
nutrition,is creatine safe for beginners in India,"What India needs to know about CREATINE - Loading, Side ...",https://www.facebook.com/beerbiceps/posts/what-india-needs-to-know-about-creatine-loading-side-effects-precautions/1413314595517251/,2026-09-16
nutrition,is creatine safe for beginners in India,Common questions and misconceptions about creatine supplementation: what does the scientific evidence really show? - PMC,https://pmc.ncbi.nlm.nih.gov/articles/PMC7871530/,2026-09-16
nutrition,is creatine safe for beginners in India,"Should You Take Creatine? Benefits, Risks and Uses - Cedars-Sinai",https://www.cedars-sinai.org/stories-and-insights/healthy-living/should-you-take-creatine-what-to-know-before-you-supplement,2026-09-16
nutrition,is creatine safe for beginners in India,Best Creatine for Beginners in India | Guide - Reformulate,https://reformulate.in/blogs/blogs/best-creatine-for-beginners-in-india-guide,2026-09-16
nutrition,is creatine safe for beginners in India,Is Creatine Safe? The Truth No One Tells Beginners in India,https://denzournutrition.com/blogs/creatine/is-creatine-safe-india?srsltid=AU7gw4Xs7zYucxKcoH8sBXiZpiOVbWhlN8e3HyVC7c2z57cNP3e_UlPV,2026-09-16
nutrition,is creatine safe for beginners in India,"Creatine Supplements in India: Benefits, Dosage, Side Effects \u0026 Best ...",https://www.medstown.com/creatine-supplements-in-india-benefits-dosage-side-effects-best-choices/,2026-09-16
